username,art_number,name,age,gender,village,phone,last_expected_art,current_date,days_off_art,drugs_given,last_vl_date,vl_result,due_for_vl
clerk,ARTKBJOCDHH,ajjaa ahshs,20,Male,Kyanja,,2025-03-31,2025-04-15,15,Yes,2025-02-07,Suppressed,Not due
admin,054,ksjd jejej,33,Male,,,2024-10-03,2025-04-15,194,Yes,2023-12-01,Suppressed,Due
admin,078,aksh dsbsb,29,Male,Kawempe,,2025-04-14,2025-04-15,1,Yes,2024-11-14,Suppressed,Not due
clerk,033,sjdjd djdid,21,Male,,,2025-03-29,2025-04-15,17,Yes,2022-07-08,Suppressed,Due
admin,077,yyu jkj,55,Male,,,2023-01-16,2025-04-15,820,Yes,2023-01-19,Not Suppressed,Due
clerk,150,Oje,32,Male,,,2025-04-09,2025-04-15,6,Yes,2025-03-01,Suppressed,Not due
admin,190,Jack Jo,28,Male,,,2025-04-09,2025-04-16,7,Yes,2025-02-14,Not Suppressed,Not due
admin,309,Po MOL,23,Male,,,2025-04-03,2025-04-16,13,Yes,2025-01-25,Suppressed,Not due
admin,209,Poa M,23,Female,,,2025-04-02,2025-04-16,14,Yes,2025-04-04,Not Suppressed,Not due
admin,800,Kit So,33,Male,,,2025-04-25,2025-04-16,-9,Yes,2025-02-01,Not Suppressed,Not due
admin,078,aksh dsbsb,29,Male,Kawempe,,2025-04-16,2025-04-16,0,Yes,2023-06-22,Not Suppressed,Due
admin,078,aksh dsbsb,29,Male,Kawempe,,2025-04-17,2025-04-16,-1,Yes,2025-04-02,Suppressed,Not due
admin,078,aksh dsbsb,29,Male,Kawempe,,2025-04-02,2025-04-16,14,Yes,2025-04-04,Suppressed,Not due
admin,150,Oje,32,Male,,,2025-04-06,2025-04-16,10,Yes,2024-07-03,Suppressed,Not due
admin,350,kish jin,23,Male,,,2025-04-02,2025-04-16,14,Yes,2024-02-09,Suppressed,Due
admin,350,kish jin,23,Male,,,2025-04-13,2025-04-16,3,Yes,2022-02-18,Suppressed,Due
admin,033,sjdjd djdid,21,Male,,,2025-04-04,2025-04-16,12,Yes,2025-01-30,Suppressed,Not due
clerk,350,kish jin,23,Male,,,2025-04-10,2025-04-16,6,Yes,2023-02-09,Suppressed,Due
admin,279,Kin MO,39,Male,Mityana,0700000000,2025-03-31,2025-04-18,18,Yes,2024-03-01,Suppressed,Due
