username,Date of HIV Test,name,age,gender,village,phone,occupation,screened,eligible,tested,result,started_on_art,Date Started on ART
admin,2025-04-15,Mark FLO,24,Male,,,,Yes,Yes,Yes,Positive,Yes,2025-04-15
admin,2025-04-15,Jamie Mark,32,Male,Kisaasi,,,Yes,Yes,Yes,Positive,Yes,2025-04-15
admin,2025-04-15,Luke Ron,32,Male,,,,Yes,No,No,Not Applicable,Not Applicable,
clerk,2025-04-15,Ninsiima Isaac,20,Male,,,,Yes,Yes,Yes,Negative,Not Applicable,
admin,2025-04-15,Isaac Kantu,27,Male,Entebbe,,Business,Yes,Yes,Yes,Negative,Not Applicable,
clerk,2025-04-16,Rob Khan,24,Male,Kikoni,,,Yes,Yes,Yes,Positive,No,
admin,2025-04-16,Dan Mo,44,Male,,,Farmer,Yes,Yes,Yes,Negative,Not Applicable,
admin,2025-04-16,Geofrey Po,39,Male,Luweero,,Accountant,Yes,Yes,Yes,Negative,Not Applicable,
admin,2025-04-16,Rita Mo,31,Female,Busabala,,Actress,Yes,Yes,Yes,Negative,Not Applicable,
clerk,2025-04-16,Joseph K,33,Male,Mityana,,Baller,Yes,No,No,Not Applicable,Not Applicable,
admin,2025-04-16,Michael Sam,28,Male,Kitende,,Doctor,Yes,Yes,Yes,Positive,Yes,2025-04-16
